section,category,family,product_variants,accessory_rows,n_pages,pages,product_url
B,Fotocelulas (Photoelectric sensors),G10,31,8,5,B-40;B-41;B-42;B-43;B-44,www.mysick.com/es/G10
B,Fotocelulas (Photoelectric sensors),G6,32,2,4,B-16;B-17;B-18;B-19,www.mysick.com/es/G6
B,Fotocelulas (Photoelectric sensors),GR18S,33,2,4,B-61;B-62;B-63;B-64,www.mysick.com/es/GR18S
B,Fotocelulas (Photoelectric sensors),LL3,35,3,2,B-72;B-73,www.mysick.com/es/LL3
B,Fotocelulas (Photoelectric sensors),V180-2,24,2,4,B-65;B-66;B-67;B-68,www.mysick.com/es/V180-2
B,Fotocelulas (Photoelectric sensors),VL180-2,8,0,1,B-67,
B,Fotocelulas (Photoelectric sensors),W11-2,12,3,3,B-49;B-50;B-51,www.mysick.com/es/W11-2
B,Fotocelulas (Photoelectric sensors),W12-3,25,2,4,B-52;B-53;B-54;B-55,www.mysick.com/es/W12-3
B,Fotocelulas (Photoelectric sensors),W280-2,18,1,3,B-56;B-57;B-58,www.mysick.com/es/W280-2
B,Fotocelulas (Photoelectric sensors),W280L-2,10,4,2,B-59;B-60,www.mysick.com/es/W280L-2_Long_Range
B,Fotocelulas (Photoelectric sensors),W2S-2,29,4,4,B-20;B-21;B-22;B-23,www.mysick.com/es/W2S-2
B,Fotocelulas (Photoelectric sensors),W4-3,30,8,4,B-25;B-26;B-27;B-28,
B,Fotocelulas (Photoelectric sensors),W4S-3,28,11,3,B-30;B-31;B-32,
B,Fotocelulas (Photoelectric sensors),W4S-3 Inox,4,0,1,B-29,www.mysick.com/es/W4S-3_Inox
B,Fotocelulas (Photoelectric sensors),W8,40,2,4,B-33;B-34;B-38;B-39,www.mysick.com/es/W8
B,Fotocelulas (Photoelectric sensors),W8 Inox,12,0,1,B-37,www.mysick.com/es/W8_Inox
B,Fotocelulas (Photoelectric sensors),W8 Laser,12,2,2,B-35;B-36,www.mysick.com/es/W8_Laser
B,Fotocelulas (Photoelectric sensors),W9-3,33,5,4,B-45;B-46;B-47;B-48,www.mysick.com/es/W9-3
B,Fotocelulas (Photoelectric sensors),WLL180T,14,2,2,B-70;B-71,www.mysick.com/es/WLL180T
C,Sensores de proximidad (Proximity sensors),(sin familia),0,2,1,C-78,
C,Sensores de proximidad (Proximity sensors),BEF,0,4,1,C-80,
C,Sensores de proximidad (Proximity sensors),CM,18,5,2,C-86;C-87,www.mysick.com/es/CM
C,Sensores de proximidad (Proximity sensors),DOL,0,2,1,C-80,
C,Sensores de proximidad (Proximity sensors),IM Inox,8,0,1,C-79,www.mysick.com/es/IM_Inox
C,Sensores de proximidad (Proximity sensors),IM Standard,10,0,1,C-76,www.mysick.com/es/IM_Standard
C,Sensores de proximidad (Proximity sensors),IM18,2,0,1,C-80,
C,Sensores de proximidad (Proximity sensors),IM30,4,0,1,C-80,
C,Sensores de proximidad (Proximity sensors),IME12,10,0,1,C-77,
C,Sensores de proximidad (Proximity sensors),IME18,10,0,1,C-77,
C,Sensores de proximidad (Proximity sensors),IME30,10,0,1,C-78,
C,Sensores de proximidad (Proximity sensors),IMF,24,0,2,C-81;C-82,www.mysick.com/es/IMF
C,Sensores de proximidad (Proximity sensors),IQ Standard,28,0,2,C-83;C-84,www.mysick.com/es/IQ_Standard
C,Sensores de proximidad (Proximity sensors),IQ80,3,1,1,C-85,
D,Sensores magneticos para cilindros (Magnetic cylinder sensors),MZC1,15,4,2,D-92;D-93,www.mysick.com/es/MZC1
D,Sensores magneticos para cilindros (Magnetic cylinder sensors),MZT8,12,5,2,D-96;D-97,www.mysick.com/es/MZT8
D,Sensores magneticos para cilindros (Magnetic cylinder sensors),RZC1,4,0,1,D-94,www.mysick.com/es/RZC1
D,Sensores magneticos para cilindros (Magnetic cylinder sensors),RZT6,6,0,2,D-98;D-99,www.mysick.com/es/RZT6
E,Soluciones de identificacion (Identification),CLV62x,29,7,2,E-102;E-103,www.mysick.com/es/CLV62x
E,Soluciones de identificacion (Identification),CLV63x,34,2,1,E-105,
E,Soluciones de identificacion (Identification),CLV65x,9,0,1,E-108,
E,Soluciones de identificacion (Identification),IDM16x,23,10,3,E-111;E-112;E-113,www.mysick.com/es/IDM16x
E,Soluciones de identificacion (Identification),Lector62x,10,4,2,E-109;E-110,www.mysick.com/es/Lector62x
F,Sensores de fluidos (Fluid sensors),LFH,20,4,2,F-132;F-133,www.mysick.com/es/LFH
F,Sensores de fluidos (Fluid sensors),LFP,18,10,1,F-117,
F,Sensores de fluidos (Fluid sensors),LFP Cubic,33,7,2,F-118;F-119,www.mysick.com/es/LFP_Cubic
F,Sensores de fluidos (Fluid sensors),LFP Inox,15,0,1,F-116,www.mysick.com/es/LFP_Inox
F,Sensores de fluidos (Fluid sensors),LFV200,33,7,3,F-120;F-121;F-122,www.mysick.com/es/LFV200
F,Sensores de fluidos (Fluid sensors),MHF15,4,1,1,F-126,www.mysick.com/es/MHF15
F,Sensores de fluidos (Fluid sensors),PBS,30,2,2,F-127;F-128,www.mysick.com/es/PBS
F,Sensores de fluidos (Fluid sensors),PBT,32,0,2,F-130;F-131,www.mysick.com/es/PBT
F,Sensores de fluidos (Fluid sensors),TBS,24,0,2,F-134;F-135,www.mysick.com/es/TBS
F,Sensores de fluidos (Fluid sensors),UP56,15,3,3,F-123;F-124;F-125,www.mysick.com/es/UP56
G,Sensores de registro (Registration/contrast sensors),CSM,3,1,2,G-143;G-144,www.mysick.com/es/CSM
G,Sensores de registro (Registration/contrast sensors),KT5,29,0,2,G-141;G-142,www.mysick.com/es/KT5
G,Sensores de registro (Registration/contrast sensors),KTM,13,1,3,G-138;G-139;G-140,www.mysick.com/es/KTM
G,Sensores de registro (Registration/contrast sensors),LUTM,3,0,1,G-145,www.mysick.com/es/LUTM
G,Sensores de registro (Registration/contrast sensors),UF,3,0,1,G-147,www.mysick.com/es/UF
G,Sensores de registro (Registration/contrast sensors),WF,28,0,2,G-148;G-149,www.mysick.com/es/WF
G,Sensores de registro (Registration/contrast sensors),WFM,16,0,2,G-150;G-151,www.mysick.com/es/WFM
H,Sensores de distancia (Distance sensors),Dx35,10,4,2,H-162;H-163,www.mysick.com/es/Dx35
H,Sensores de distancia (Distance sensors),Dx50,22,3,2,H-164;H-165,www.mysick.com/es/Dx50
H,Sensores de distancia (Distance sensors),OD Mini,22,0,2,H-156;H-157,www.mysick.com/es/OD_Mini
H,Sensores de distancia (Distance sensors),OD Value,21,1,3,H-159;H-160;H-161,www.mysick.com/es/OD_Value
H,Sensores de distancia (Distance sensors),UC12,4,3,2,H-170;H-171,www.mysick.com/es/UC12
H,Sensores de distancia (Distance sensors),UC4,4,2,2,H-168;H-169,www.mysick.com/es/UC4
H,Sensores de distancia (Distance sensors),UM30,24,0,2,H-166;H-167,www.mysick.com/es/UM30
I,Rejillas fotoelectricas (Light grids),BEF,0,1,1,I-175,
I,Rejillas fotoelectricas (Light grids),ELG,26,0,2,I-174;I-175,www.mysick.com/es/ELG
J,Vision (Vision),Inspector,9,0,1,J-178,www.mysick.com/es/Inspector
J,Vision (Vision),Inspector PIM series,5,10,1,J-179,
K,Dispositivos de proteccion optoelectronicos (Optoelectronic protective devices),L21,8,4,2,K-202;K-203,www.mysick.com/es/L21
K,Dispositivos de proteccion optoelectronicos (Optoelectronic protective devices),L41,8,0,1,K-200,www.mysick.com/es/L41
K,Dispositivos de proteccion optoelectronicos (Optoelectronic protective devices),M4000,6,7,1,K-199,
K,Dispositivos de proteccion optoelectronicos (Optoelectronic protective devices),M4000 Standard,12,0,1,K-198,www.mysick.com/es/M4000_Standard
K,Dispositivos de proteccion optoelectronicos (Optoelectronic protective devices),S300,0,9,1,K-185,
K,Dispositivos de proteccion optoelectronicos (Optoelectronic protective devices),S300 Mini Standard,2,4,1,K-184,www.mysick.com/es/S300_Mini_Standard
K,Dispositivos de proteccion optoelectronicos (Optoelectronic protective devices),S3000,0,8,1,K-187,
K,Dispositivos de proteccion optoelectronicos (Optoelectronic protective devices),S3000 Standard,3,0,1,K-186,www.mysick.com/es/S3000_Standard
K,Dispositivos de proteccion optoelectronicos (Optoelectronic protective devices),V300,1,5,1,K-197,www.mysick.com/es/V300_Work_Station_Extended
K,Dispositivos de proteccion optoelectronicos (Optoelectronic protective devices),deTec2 Core,40,5,2,K-195;K-196,www.mysick.com/es/deTec2_Core
K,Dispositivos de proteccion optoelectronicos (Optoelectronic protective devices),deTec4 Core,26,1,1,K-189,www.mysick.com/es/deTec4_Core
K,Dispositivos de proteccion optoelectronicos (Optoelectronic protective devices),miniTwin2,25,0,2,K-193;K-194,www.mysick.com/es/miniTwin2
K,Dispositivos de proteccion optoelectronicos (Optoelectronic protective devices),miniTwin4,30,10,3,K-190;K-191;K-192,www.mysick.com/es/miniTwin4
L,Interruptores de seguridad (Safety switches),IN3000 Direct,4,1,1,L-218,www.mysick.com/es/IN3000_Direct
L,Interruptores de seguridad (Safety switches),IN4000 Direct,1,0,1,L-219,www.mysick.com/es/IN4000_Direct
L,Interruptores de seguridad (Safety switches),RE1,8,3,2,L-211;L-212,www.mysick.com/es/RE1
L,Interruptores de seguridad (Safety switches),RE2,13,4,2,L-213;L-214,www.mysick.com/es/RE2
L,Interruptores de seguridad (Safety switches),TR4,12,0,1,L-216,
L,Interruptores de seguridad (Safety switches),TR4 Direct,18,10,2,L-215;L-217,www.mysick.com/es/TR4_Direct
L,Interruptores de seguridad (Safety switches),i10,4,0,1,L-210,
L,Interruptores de seguridad (Safety switches),i10 Lock,5,0,1,L-209,www.mysick.com/es/i10_Lock
L,Interruptores de seguridad (Safety switches),i12S,5,3,1,L-206,www.mysick.com/es/i12S
L,Interruptores de seguridad (Safety switches),i16S,3,4,1,L-207,www.mysick.com/es/i16S
L,Interruptores de seguridad (Safety switches),i17S,1,1,1,L-208,www.mysick.com/es/i17S
L,Interruptores de seguridad (Safety switches),iE10,0,7,1,L-210,
M,Soluciones de control de seguridad sens:Control (Safety control),(sin familia),0,5,1,M-223,
M,Soluciones de control de seguridad sens:Control (Safety control),Flexi Soft,15,2,2,M-222;M-223,www.mysick.com/es/Flexi_Soft
M,Soluciones de control de seguridad sens:Control (Safety control),MOC3SA,4,0,1,M-224,www.mysick.com/es/Speed_Monitor
M,Soluciones de control de seguridad sens:Control (Safety control),Standstill Monitor,6,0,1,M-225,www.mysick.com/es/Standstill_Monitor
M,Soluciones de control de seguridad sens:Control (Safety control),UE10-2FG,2,0,1,M-226,www.mysick.com/es/UE10-2FG
M,Soluciones de control de seguridad sens:Control (Safety control),UE10-3OS,2,0,1,M-227,www.mysick.com/es/UE10-3OS
M,Soluciones de control de seguridad sens:Control (Safety control),UE12,1,0,1,M-223,
M,Soluciones de control de seguridad sens:Control (Safety control),UE23-3MF,2,0,1,M-228,www.mysick.com/es/UE23-3MF
M,Soluciones de control de seguridad sens:Control (Safety control),UE410,2,0,1,M-223,
M,Soluciones de control de seguridad sens:Control (Safety control),UE48-2OS,2,0,1,M-229,www.mysick.com/es/UE48-2OS
N,Encoders,AFS/AFM60,0,3,1,N-237,
N,Encoders,AFS/AFM60 SSI,16,0,1,N-236,www.mysick.com/es/AFS_AFM60_SSI
N,Encoders,DBS36,23,8,2,N-234;N-235,www.mysick.com/es/DBS36
N,Encoders,DFS60,10,10,2,N-232;N-233,www.mysick.com/es/DFS60
N,Encoders,EcoLine,8,2,1,N-238,www.mysick.com/es/EcoLine
